id,season,week,home_team,away_team,home_points,away_points,home_division,away_division,home_pregame_elo,away_pregame_elo,neutral_site,point_diff,winner,team_x,plays_offense_home,drives_offense_home,ppa_offense_home,total_ppa_offense_home,success_rate_offense_home,explosiveness_offense_home,power_success_offense_home,stuff_rate_offense_home,line_yards_offense_home,line_yards_total_offense_home,second_level_yards_offense_home,second_level_yards_total_offense_home,open_field_yards_offense_home,open_field_yards_total_offense_home,standard_downs.ppa_offense_home,standard_downs.success_rate_offense_home,standard_downs.explosiveness_offense_home,passing_downs.ppa_offense_home,passing_downs.success_rate_offense_home,passing_downs.explosiveness_offense_home,rushing_plays.ppa_offense_home,rushing_plays.total_ppa_offense_home,rushing_plays.success_rate_offense_home,rushing_plays.explosiveness_offense_home,passing_plays.ppa_offense_home,passing_plays.total_ppa_offense_home,passing_plays.success_rate_offense_home,passing_plays.explosiveness_offense_home,plays_defense_home,drives_defense_home,ppa_defense_home,total_ppa_defense_home,success_rate_defense_home,explosiveness_defense_home,power_success_defense_home,stuff_rate_defense_home,line_yards_defense_home,line_yards_total_defense_home,second_level_yards_defense_home,second_level_yards_total_defense_home,open_field_yards_defense_home,open_field_yards_total_defense_home,standard_downs.ppa_defense_home,standard_downs.success_rate_defense_home,standard_downs.explosiveness_defense_home,passing_downs.ppa_defense_home,passing_downs.success_rate_defense_home,passing_downs.explosiveness_defense_home,rushing_plays.ppa_defense_home,rushing_plays.total_ppa_defense_home,rushing_plays.success_rate_defense_home,rushing_plays.explosiveness_defense_home,passing_plays.ppa_defense_home,passing_plays.total_ppa_defense_home,passing_plays.success_rate_defense_home,passing_plays.explosiveness_defense_home,team_y,plays_offense_away,drives_offense_away,ppa_offense_away,total_ppa_offense_away,success_rate_offense_away,explosiveness_offense_away,power_success_offense_away,stuff_rate_offense_away,line_yards_offense_away,line_yards_total_offense_away,second_level_yards_offense_away,second_level_yards_total_offense_away,open_field_yards_offense_away,open_field_yards_total_offense_away,standard_downs.ppa_offense_away,standard_downs.success_rate_offense_away,standard_downs.explosiveness_offense_away,passing_downs.ppa_offense_away,passing_downs.success_rate_offense_away,passing_downs.explosiveness_offense_away,rushing_plays.ppa_offense_away,rushing_plays.total_ppa_offense_away,rushing_plays.success_rate_offense_away,rushing_plays.explosiveness_offense_away,passing_plays.ppa_offense_away,passing_plays.total_ppa_offense_away,passing_plays.success_rate_offense_away,passing_plays.explosiveness_offense_away,plays_defense_away,drives_defense_away,ppa_defense_away,total_ppa_defense_away,success_rate_defense_away,explosiveness_defense_away,power_success_defense_away,stuff_rate_defense_away,line_yards_defense_away,line_yards_total_defense_away,second_level_yards_defense_away,second_level_yards_total_defense_away,open_field_yards_defense_away,open_field_yards_total_defense_away,standard_downs.ppa_defense_away,standard_downs.success_rate_defense_away,standard_downs.explosiveness_defense_away,passing_downs.ppa_defense_away,passing_downs.success_rate_defense_away,passing_downs.explosiveness_defense_away,rushing_plays.ppa_defense_away,rushing_plays.total_ppa_defense_away,rushing_plays.success_rate_defense_away,rushing_plays.explosiveness_defense_away,passing_plays.ppa_defense_away,passing_plays.total_ppa_defense_away,passing_plays.success_rate_defense_away,passing_plays.explosiveness_defense_away,bovada_spread,predicted_diff
401635525,2024,1,Georgia Tech,Florida State,,,fbs,fbs,1497.0,1692.0,True,,Florida State,Georgia Tech,65.0,12.285714285714286,0.23639246743561323,16.060214142431853,0.4312336786020996,1.3609593466856524,0.7948979591836736,0.1288774124165038,3.4611651768958134,131.28571428571428,1.2101471431242499,46.42857142857143,1.8243874581120199,72.0,0.15120182311383532,0.47705595585505634,1.0400369822416287,0.4056428216441866,0.3150147106897679,2.320555827140569,0.2739609976217216,10.656689317211066,0.4838075159286423,1.0298113628133396,0.2805416248070358,7.629198143596066,0.37050073079629736,1.9574265989446122,70.0,12.0,0.231190182637,16.532494785229723,0.4495566965808792,1.1938549394485478,0.9523809523809524,0.08464068141565907,3.7562907887294084,143.0,1.199136709925949,45.857142857142854,1.1120544987249468,43.714285714285715,0.19110146418253623,0.5056681400956846,0.9844803072934288,0.2862207608364024,0.29756395922213275,1.9827247817399176,0.2701225286354923,10.387436730001701,0.47307479139988656,0.9797242774084882,0.2681684851011322,8.717719474979612,0.42293771043771045,1.459441237964801,Florida State,64.57142857142857,13.142857142857142,0.1544603099705643,10.484100844858617,0.40204182516127585,1.3279457116795184,0.3333333333333333,0.23968458351082367,2.4864473918599694,79.42857142857143,0.9707466212291368,31.285714285714285,1.3732972543856252,46.57142857142857,0.10435502744597076,0.45124150478274255,1.1160390573821046,0.3330277401966753,0.32072697417525003,2.179832180423706,0.020329510351535112,0.8535212565530285,0.3779299461720172,1.0918348974297944,0.2522452059885369,9.630579588305588,0.41138718862458357,1.5578762532825488,64.57142857142857,13.428571428571429,0.05559972931528293,4.312799178688545,0.35992281090447464,1.2068790326902872,0.7032312925170068,0.22500888169581176,2.7461086165607442,93.85714285714286,1.145566553507283,40.0,1.7850880439216306,61.857142857142854,0.01225197178749651,0.39260515181682426,1.0723606228863587,0.2469342965437725,0.30924374315625114,1.6116884785490588,0.14256064899872684,5.613940257324146,0.4094406669824603,1.0383340812869866,0.020575357611657137,0.19402683111515476,0.3143630877462004,1.467791845188773,10.0,-11.778834
401643696,2024,1,Nevada,SMU,,,fbs,fbs,1222.0,1690.0,False,,SMU,Nevada,65.42857142857143,12.285714285714286,0.016689261082924154,1.3902324749106256,0.3477988177943637,1.2140359726984824,0.6469387755102041,0.2226265067430481,2.6084420660494776,93.14285714285714,1.131192458186282,40.57142857142857,0.8951225853750021,32.57142857142857,0.0024353043641010463,0.3928169261015443,0.9773524053677648,0.046367768759827455,0.2742084607122201,1.8543592013148305,0.052300314130833137,2.0289809372220318,0.3749024985934223,0.9612622271398027,0.0013938864101719825,0.15229494211921082,0.3111816754673897,1.6138681068135665,66.42857142857143,12.428571428571429,0.17670714214925068,12.424142274952905,0.43355650552841757,1.2322832010975637,0.7353741496598639,0.14885860728937086,3.2007957706192545,119.14285714285714,1.1689647088761081,42.857142857142854,1.0409454596566399,41.714285714285715,0.1505065739303664,0.501164257432065,1.053746841023164,0.2531448602012814,0.2838213424621901,1.9264240247628859,0.17106431857447632,6.724415545329523,0.477728997983839,0.8969212236881603,0.21679670409445184,6.5156395888392,0.388013571544537,1.811183765589966,SMU,71.85714285714286,12.571428571428571,0.3121395657280139,21.21996582060668,0.46410599647489337,1.341556172870087,0.8761904761904763,0.14795043457834153,3.2927356862406696,135.28571428571428,1.0933882009463405,44.857142857142854,0.7256048860700023,32.42857142857143,0.23207998447079864,0.5062359736222948,1.0768117966632629,0.5009531502096635,0.3366869152353023,2.461545456689391,0.16548515687244625,7.146410696687123,0.47177218315092073,0.8571034116759578,0.5910954647486022,15.45823328635664,0.4712089183499487,2.0371902423728887,62.714285714285715,12.857142857142858,0.030957826677486287,2.060537867484225,0.34606495427725475,1.2968309111339578,0.9000000000000001,0.16236079737821899,2.9916756304891274,87.57142857142857,0.9345784716223007,29.428571428571427,1.307112108941377,42.833333333333336,-0.017935016674062977,0.414247130368855,1.0311949762439785,0.12811602876789843,0.23385275960463922,2.113138367657676,0.12990574406254843,3.4524814678765026,0.3726021332384802,1.0348816708629245,-0.056051393621514636,0.1877534547866095,0.3239450649886452,1.4760964016380504,27.5,-4.6407785
401628448,2024,1,Minnesota,North Carolina,,,fbs,fbs,1492.0,1546.0,False,,North Carolina,Minnesota,61.285714285714285,11.857142857142858,0.08983492383552161,5.6518637354562955,0.393126879095361,1.087141934277519,0.7738095238095238,0.14283606377202432,3.1626674174211122,111.57142857142857,0.8852496709639567,31.714285714285715,0.6178660146640442,22.285714285714285,0.05752485096578271,0.45809277751984173,0.8594019985341104,0.16995189926637397,0.23520587722268393,2.2359689608716398,0.06210698837326529,2.259728479861623,0.4366320597847691,0.7205571628446649,0.1365659791601175,3.906564556424473,0.32836590862638276,1.779002665150264,63.142857142857146,12.285714285714286,0.21265112242708348,14.530213203888822,0.41442962649044046,1.2731708893163944,0.7687074829931974,0.16439860219702235,3.125694079491353,99.71428571428571,0.9446933862317121,30.571428571428573,1.8750519366324052,62.0,0.13290125170867398,0.44823538345022407,1.0727435092575912,0.34865268840863534,0.32793650793650786,1.6707883659917737,0.1595123963509051,6.093105841701982,0.4234612717987238,0.9350144310031351,0.3008081990329387,9.136116135709809,0.41696293322750355,1.6005004855488547,North Carolina,67.42857142857143,12.428571428571429,0.3030029618305307,20.22358907572907,0.47254657463317196,1.3449626806587338,0.7793650793650794,0.08587534469887406,3.8095446628534866,116.42857142857143,1.3804909764993798,42.714285714285715,1.9666641559498703,57.857142857142854,0.2872184924953213,0.5390763301678455,1.1086892593000497,0.29321590966175365,0.3097426261474489,2.136865191023467,0.38682893835193005,11.770795034804626,0.5228567145583952,1.167568195631551,0.28500403853869494,9.765783494969352,0.4351414848786211,1.545571265772796,73.0,12.857142857142858,0.26781382349462574,19.109033813751306,0.42891918085941694,1.3095961526887783,0.7290249433106576,0.10864769238155172,3.257757017035302,137.0,1.0881439404523028,45.0,1.446230087288706,57.57142857142857,0.17251161100859078,0.4657696031827095,1.1003803316177234,0.4319036701328668,0.3422278522392939,1.881431449216045,0.18771068779967134,7.933354377477369,0.41649477726286493,1.0890573595519826,0.4377253914002521,13.190257634410042,0.44983395052211,1.5943996288700426,-2.5,2.1734948
401640998,2024,1,Jacksonville State,Coastal Carolina,,,fbs,fbs,1538.0,1448.0,False,,Coastal Carolina,Jacksonville State,80.14285714285714,13.428571428571429,0.12211321317019681,9.754550846492222,0.42595638981286926,1.2126958843364204,0.6439037153322867,0.15851979437263222,3.0227036804836125,156.42857142857142,1.107494187446767,57.42857142857143,1.2769644559470088,69.57142857142857,0.13832025893547856,0.4763844533682966,0.9961940694018848,0.10095561518788754,0.32328878850617976,1.927323841689079,0.17159430815812016,9.665393674204571,0.445858322720923,1.0220626345900146,0.08449558181442987,2.35595797308486,0.389924035717875,1.6363042887899988,71.57142857142857,13.142857142857142,0.07516719398126874,5.91819345748676,0.3807091333313907,1.2175299892295803,0.7183673469387755,0.22434177917881,2.4439847860276567,88.85714285714286,0.6160462971841921,23.428571428571427,0.566376311225535,21.166666666666668,0.023752776196421056,0.4440527831018413,0.9606281712852824,0.2031993199604127,0.26369265654979934,2.189767715705909,-0.0430216239561572,-0.28392951694076707,0.35662063612098027,0.730344129275646,0.23723521261415795,7.83426919713959,0.40348170105568454,1.6350035414196404,Coastal Carolina,67.42857142857143,11.571428571428571,0.2167209577077302,14.736748300686585,0.40808239168565513,1.4142067785358985,0.5496598639455782,0.2250947732817111,2.8638225896405944,110.85714285714286,0.9885352699772116,38.42857142857143,1.014449831156338,40.57142857142857,0.0781247026689333,0.43581588045025593,1.1247590484782926,0.5437387594762317,0.35357332725753776,2.3169961227787437,0.040242421140917285,2.144150765808286,0.38111016080589044,0.9676976957581337,0.4689124562010819,13.115152662888104,0.4514390391258307,1.8402936772159673,62.857142857142854,11.857142857142858,0.1905269273666251,11.795944274492738,0.4335008596844086,1.2556456704173742,0.6795918367346939,0.13733836495984833,3.4000788579341736,99.57142857142857,1.2841557602061804,36.57142857142857,1.0576495663634868,31.142857142857142,0.14534716240059292,0.4888953809962214,1.0597221056382484,0.2827252874765015,0.3087066374292592,1.960651161054917,0.2216665932570627,6.596252014919833,0.46967044646986184,0.943125467044714,0.20811624590386252,6.994131732074888,0.4136439326463723,1.4982128587325747,-2.5,2.1617417
401628328,2024,1,Oklahoma,Temple,,,fbs,fbs,1786.0,1178.0,False,,Temple,Oklahoma,74.57142857142857,12.857142857142858,0.3066191095591847,23.050571476080133,0.47457383084949767,1.368847946649817,0.8698979591836735,0.1891522965141181,3.1263466955766543,122.28571428571429,1.2738817851695639,47.857142857142854,2.0698314015106924,69.71428571428571,0.26620548979181746,0.5196926345671308,1.1562732015827517,0.4021317131218655,0.3661540840112268,2.0224631125123658,0.17656272738481915,7.102029531164391,0.46012301054895693,1.1133521881492805,0.4095237082661377,16.08029121352698,0.48450003187880536,1.6547911920109404,73.42857142857143,13.142857142857142,0.1448903959408653,10.801586490970802,0.39228052475966585,1.4658872622807542,0.4081632653061224,0.22860374433219496,2.7978702438141094,99.14285714285714,1.1400006434043377,40.285714285714285,1.3602443471006807,47.714285714285715,-0.041701232418445755,0.42258115367359056,1.0488898743020636,0.48195532995765916,0.32848494098494097,2.378656564827273,0.059333487824743854,2.5055958224284867,0.3909875563995093,1.057114195366873,0.2160940328497541,9.053062001149284,0.3847490835271679,1.8968454762714964,Temple,70.14285714285714,11.428571428571429,0.12281422570169168,9.30597383008202,0.4021942080927145,1.3515389732199028,0.6639455782312925,0.23321802995716037,2.6794156970243925,83.14285714285714,0.9753667025406155,31.714285714285715,1.2863225341486213,42.0,0.015482110178213668,0.43838687602444015,1.1057469167976428,0.3521706361979768,0.33545706938564074,2.062043795126326,0.07444143095115018,3.954825620388573,0.4095282334412769,0.9916833774561813,0.23744229528666463,8.703400028655688,0.39803003284486704,1.5686533563716414,70.57142857142857,11.714285714285714,0.24111386056290668,17.922729673354205,0.4342390474884884,1.2706655729242016,0.7448979591836735,0.1831299595077007,3.033501567370704,116.85714285714286,1.0729801356250177,40.857142857142854,1.0833096937510742,39.714285714285715,0.2139012834990909,0.48833677696606687,1.0779785643609583,0.28746914683554436,0.3064483040190674,2.021221492426032,0.12041403243367009,4.303723286550405,0.43942799984625364,0.8734092246067542,0.38572433782845394,13.750755655415038,0.42875845348456626,1.8288380654167198,-43.0,2.0515864
401628453,2024,1,Michigan State,Florida Atlantic,,,fbs,fbs,1392.0,1422.0,False,,Florida Atlantic,Michigan State,57.857142857142854,12.142857142857142,-0.029585757488151756,-1.035119428966115,0.3223325698504153,1.1934947870807613,0.7663265306122449,0.22276860705432133,2.484952486666773,70.42857142857143,0.7879804322661464,21.428571428571427,0.39602218768885433,9.833333333333334,-0.0686897597730234,0.38963917706826157,0.9145069019954306,0.04994902005498669,0.210825510982425,2.131861019198724,-0.1033481342560021,-2.9149051573024143,0.30847115847115847,0.8180080911250958,0.07597314486785038,2.741636048159293,0.3400832757754474,1.502032904769022,68.42857142857143,11.714285714285714,0.28368047534134294,19.408165084390408,0.4646880330290382,1.255946284291228,0.9071428571428571,0.1316323166263592,3.475439438596211,127.85714285714286,1.1171569631988965,41.0,1.263054822301987,46.42857142857143,0.21340104048184277,0.5097411592966303,1.0488647873687096,0.48008577822221915,0.35220477664750105,2.063677279899681,0.261747141027114,9.793004837396,0.47813333843435124,0.9705147750222968,0.3301584628598591,10.854992042409494,0.4480083296777891,1.6045906231662415,Florida Atlantic,59.0,12.285714285714286,0.18706539987317822,10.62058688747733,0.41194014752956204,1.2562103593888547,0.7619047619047619,0.10919118048851569,3.3061953303825673,83.42857142857143,1.0572414285107132,28.142857142857142,1.7808838383838381,49.166666666666664,0.16632241750387686,0.4919182701137589,1.0503216592155293,0.2339112515111556,0.26766381651474813,1.9344844737703684,0.12017214253234818,3.6370463833399955,0.40991985574033263,0.949775829329715,0.34824627517472617,9.781302702019829,0.4303412236185345,1.4526790852720641,76.0,12.571428571428571,0.08692253504879857,7.0765376238894016,0.40356311601362005,1.1774717682758487,0.7404761904761905,0.1360478318761802,3.250598664120592,125.42857142857143,1.019765372588816,39.142857142857146,0.5896506418789864,21.0,-0.004412265318490786,0.4590063647285098,0.8521913742042919,0.2699676300493355,0.31350688292217527,2.11720285153739,0.05651546334806707,2.246979396992387,0.40849412557611436,0.7604669030182485,0.17040811812318854,6.534391273500988,0.4110801461178949,1.5861922013941343,-12.5,9.032371
401628461,2024,1,Wisconsin,Western Michigan,,,fbs,fbs,1587.0,1315.0,False,,Western Michigan,Wisconsin,68.14285714285714,11.428571428571429,0.17247615092887353,11.996263670050912,0.41625559900858755,1.2112423316620902,0.7047619047619048,0.11991728509585649,3.390786951144094,103.0,1.0531539888682746,32.142857142857146,0.9674706246134818,31.142857142857142,0.04210123355261719,0.4369360534254151,0.9817921407899239,0.3987436422152452,0.3617349624262066,1.7035713758114532,0.17995573669308176,5.630780919906874,0.4620477736549165,0.8665454689118351,0.1838864689696933,6.365482750144039,0.38313487397797263,1.574523449262156,65.14285714285714,11.285714285714286,0.1962697763324889,12.489237010248274,0.45267556508386775,1.1508827849864658,0.6904761904761905,0.1684664901543304,3.1406363449013175,112.85714285714286,0.9510036746878852,34.0,0.9203260441917429,33.42857142857143,0.08405192755153616,0.48904970868024583,0.8922151944905463,0.5165104975322363,0.3598474541331684,2.1567648201977097,0.08906069998657225,3.3712995657310794,0.43605723778137573,0.8556795246730144,0.3521401361970626,10.197990607757843,0.47723418193540273,1.4748740681918961,Western Michigan,69.71428571428571,12.0,0.13297800270803947,10.20955347053496,0.3981854429394845,1.215733674825081,0.619047619047619,0.15629809157986643,3.061827233017898,106.71428571428571,0.9152695550235227,32.142857142857146,0.6265578338493184,23.571428571428573,0.05529787291170367,0.4560200768049635,1.0318521372021248,0.31105477500301465,0.268234922427469,1.988934606952291,0.07937136478825249,3.459739568322573,0.399725141485836,0.9453233100638998,0.20450634703522447,7.357531747147303,0.4021387941141369,1.4656593867500913,63.857142857142854,11.428571428571429,0.20564910108668139,13.06828247088035,0.44681992370505774,1.1910886055927539,0.8163265306122449,0.1151242577770591,3.585373467270326,110.71428571428571,1.242676247069286,37.57142857142857,1.0156924008048795,35.42857142857143,0.22363184315978218,0.520845248557386,1.0713193358106172,0.16792048419499986,0.28534025634385224,1.6323484699893225,0.12461359630675926,4.5948181698945945,0.44421608456625433,0.9125676669105617,0.2749521955776326,9.34159885495306,0.4448693486149932,1.4463717285700024,-24.0,0.6387314
401634300,2024,1,Stanford,TCU,,,fbs,fbs,1286.0,1587.0,False,,TCU,Stanford,69.85714285714286,13.0,0.07284630918151427,5.920869581671221,0.3521764358839295,1.3929342984780726,0.6040816326530613,0.2443921158206872,2.7153567067852786,75.14285714285714,1.0413919413919412,26.714285714285715,0.843755450898308,20.142857142857142,-0.03680709849494294,0.3813746223733427,1.1207997336731599,0.24389363131709124,0.28598309755736134,2.026129091976618,0.08417271851799535,2.756823884939444,0.3942264085121228,1.125463894830049,0.11640927930724172,5.117684141991555,0.33106421356421356,1.62050256695343,72.42857142857143,12.714285714285714,0.32185295542519576,22.950383521916827,0.5095813942313236,1.27251193923056,0.7285714285714285,0.173579076139131,3.161645730792608,120.57142857142857,1.1122852291006031,43.857142857142854,1.229450412226665,49.166666666666664,0.19565332162717514,0.5584681458555062,0.9868236557640292,0.6310213370923711,0.3981077694235589,2.258248617233155,0.15489302722153284,7.1657587570992165,0.530638008784886,0.8389098464296466,0.49927952031521666,16.68019367339232,0.4783944643183286,1.769971330130257,TCU,73.57142857142857,11.857142857142858,0.21460863984882783,15.735583722143033,0.45421783758453904,1.3257280991527423,0.6761904761904762,0.1789360247488326,2.959405679159374,80.71428571428571,0.9636009310886157,27.428571428571427,1.441754933626855,39.0,0.07360349630098342,0.4749358720219034,1.0364072105071223,0.49834072366603427,0.4036076009351109,2.05383082207458,0.13053525236399302,3.468735160469483,0.43572821996467315,0.9775289592555032,0.35513608455573004,15.282817074274744,0.4783067506529773,1.5399076350789263,73.14285714285714,12.0,0.22563489904394698,17.556331884617183,0.4351253322077514,1.2822031919126966,0.805952380952381,0.17475394617530865,3.1736314999830557,127.0,1.1017545962121233,44.57142857142857,1.1364133474225988,45.0,0.16300614343531233,0.4856230718258151,1.088050391745224,0.37588062614609147,0.3307388681381528,1.7592107747873225,0.17491384647537248,7.481778231389997,0.4459630043818437,1.0137398791330197,0.3113205965015136,10.512729202343447,0.4320746501656093,1.599512595268448,9.5,4.466833
401628323,2024,1,Georgia,Clemson,,,fbs,fbs,2015.0,1676.0,True,,Clemson,Georgia,64.85714285714286,10.571428571428571,0.42111978032012815,27.710222554617708,0.5274386965421975,1.2941322117849592,0.8571428571428571,0.16445978167302752,3.441683959137966,127.57142857142857,1.3939533484166344,53.0,1.5254785900922518,57.857142857142854,0.30694603779677393,0.5469499422728022,1.0661691382697718,0.6951460937975942,0.46460640236956025,1.876837413539644,0.31759487414786547,11.991845369166084,0.5135985861309809,1.0721539078755897,0.5716053262010777,16.323517974860426,0.541581065129055,1.5587270624091334,60.57142857142857,10.571428571428571,0.13748133340591856,8.62078197718517,0.402338965424851,1.2607693538806353,0.7059523809523809,0.16853989515279835,3.048840725907546,99.0,1.1325639874718214,36.0,1.2083340693018112,33.285714285714285,0.12931820442695044,0.4600069884510088,1.0950035244389686,0.11892348587269051,0.2566370369658161,1.9879094778883235,0.21904333581828261,6.905189405870806,0.4405972775097199,1.1556227012233105,0.05533130253094926,1.8692759989718406,0.35899957919392905,1.487962625438328,Clemson,74.28571428571429,13.571428571428571,0.1533814741093304,11.483499536480815,0.4160705006577052,1.2061963964004996,0.8303854875283446,0.17102300897778253,2.82272756381685,104.42857142857143,0.9962978013332066,36.285714285714285,1.2360357811428107,45.42857142857143,0.09322817237540486,0.4768889193935027,0.9617513247844648,0.26462428343717753,0.2718924760539667,2.0811040277520463,0.14137073858804078,6.380251998218116,0.414375013602475,0.9491691320803994,0.17689980616132844,6.02614326692057,0.424941625001649,1.3497842064231869,59.857142857142854,13.142857142857142,0.11375766058031782,6.653022152022762,0.3174645100889654,1.5608317972788777,0.7095238095238096,0.12701333791502986,2.9726168744513144,85.14285714285714,0.8248887330275209,22.714285714285715,1.3823279098284453,34.42857142857143,0.07905250929589701,0.3744200207065923,1.4044693703819442,0.14923200196997913,0.2172655303482371,2.0358495755380472,0.17134759896004573,4.931369325820478,0.34569253834621155,1.289051386798167,0.09154609602062148,2.7208456060463098,0.3032844734908449,1.81709109852801,-13.5,8.498759
401628451,2024,1,Maryland,Connecticut,,,fbs,fbs,1630.0,1230.0,False,,Connecticut,Maryland,62.0,11.857142857142858,0.18748849099274892,11.621213467945822,0.41663576956694365,1.3492196686735964,0.6865079365079365,0.20169286105246692,2.637800974796049,70.57142857142857,0.9824466338259441,25.0,1.141453019521985,28.6,0.13024407778534944,0.45446593353060283,1.0950802775729727,0.2367333466992841,0.3256181260382941,2.0472533755474247,-0.005606352415220387,1.6263686108500803,0.38307373524122296,0.948686773881407,0.3065605372174803,10.83838604333995,0.4237868710625555,1.679230826914221,69.28571428571429,11.571428571428571,0.11392194560430051,7.9026305229191065,0.40631818138598863,1.1322554718505429,0.7154761904761905,0.13547702236142725,3.1772631826667395,118.0,0.9221408236456116,34.0,0.5301001974223588,19.571428571428573,0.06872506651036663,0.43704642480454037,0.9872352903275688,0.19163425622332167,0.3122064547816427,1.6112391010887457,0.15140871604155687,5.641806016840389,0.42782973759375953,0.8815526583990342,0.14316604236684466,4.02688861885769,0.38144734596347496,1.49717111600339,Connecticut,60.857142857142854,11.428571428571429,0.07373103129055433,4.266202042659977,0.3962831719107301,1.269726374678472,0.7142857142857143,0.2183792398078112,2.636466152894724,84.28571428571429,1.0190928119499547,31.428571428571427,1.019390133675848,29.857142857142858,0.002714099893177457,0.4447702696552177,1.0220030047329562,0.2152844816279382,0.30658747929683894,1.9703963217924871,-0.05580599078467275,-0.5054038349798547,0.4004804719090433,0.8783162260010566,0.22739449950602428,5.206652358443534,0.3941117877889865,1.6431405103982786,67.14285714285714,11.142857142857142,0.2517255706864517,16.676392297099806,0.4714223637473592,1.2466526684633625,0.8214285714285714,0.1816882302685319,2.9144515200859473,99.85714285714286,1.0954265262162335,37.142857142857146,1.5728061415727785,50.714285714285715,0.15422814378049296,0.5116930439032865,1.0548000866157115,0.4671484053206491,0.3665349473122582,1.8695950072617562,0.07561346522336161,4.265349561170219,0.4272338132142924,0.9814363613259453,0.3882827947364209,13.992152798374942,0.4960663834617214,1.4385943480862318,-20.0,13.088757
401628457,2024,1,West Virginia,Penn State,,,fbs,fbs,1574.0,1833.0,False,,Penn State,West Virginia,67.42857142857143,11.714285714285714,0.31687059161514985,20.80997049342537,0.46594028703433427,1.3613686781784808,0.6846938775510204,0.1893432995754903,3.4101792886158693,142.28571428571428,1.4653547967971787,60.857142857142854,2.1462401486631935,86.57142857142857,0.2646245566033741,0.5119353840992497,1.1929129676063488,0.42268159336587435,0.34990504410412876,2.01025438008111,0.34865688570134656,14.713077884548659,0.4969098859008824,1.2326951162626991,0.27309201166935,6.702033398285507,0.4180687744205233,1.6097069486221771,65.85714285714286,11.285714285714286,0.25793301704186905,17.57988322647413,0.4464308036997195,1.3801155047033846,0.7544217687074831,0.15515954164370843,3.2646343237960376,100.57142857142857,1.3151197655706777,40.42857142857143,1.66283575514463,56.285714285714285,0.13911828911119034,0.4703444057775315,1.13222713054027,0.5270181362363661,0.40498877416579276,1.9964115005117624,0.31814582518280143,9.874023570101118,0.4701079711263663,1.2249515417906218,0.27845381381530393,8.963504922849877,0.4447600710788776,1.567328352063482,Penn State,65.71428571428571,12.0,0.2412212116722719,16.05132540741609,0.4325305311868447,1.2338770987211125,0.6714285714285715,0.14257020178072807,3.378187351739983,114.57142857142857,1.2259288680341314,40.57142857142857,1.2894981789718631,42.57142857142857,0.1761370791588162,0.47218176795239586,1.055368701738065,0.43089674784930454,0.34231500900755557,1.868121667304719,0.1649771506514305,6.1146297653406885,0.45151181598550016,0.931113570211467,0.324032262897106,9.904633384563187,0.39900001623130693,1.643967518629507,61.0,12.142857142857142,0.07665234301410496,5.727691548720888,0.33948524566373534,1.3811931138486047,0.6214285714285713,0.3031772575250836,1.7575601210383816,70.28571428571429,0.7831010776662951,29.5,0.5214046822742474,22.0,-0.07221006687807988,0.3598992329725412,1.0903786017239843,0.2817367210254031,0.29733546023868607,1.9602007932460785,-0.17638393741562464,-2.5115769065324627,0.2591973244147157,0.9574669148524192,0.3226651157586734,9.524363155042243,0.43069285926428785,1.6540865579501265,7.5,12.729995
401634305,2024,1,Pittsburgh,Kent State,,,fbs,fbs,1436.0,1158.0,False,,Kent State,Pittsburgh,57.0,12.428571428571429,0.14765966315698303,8.691818595489869,0.3836556568615956,1.375954649902799,0.7142857142857143,0.1972647253753244,2.7083132884140952,69.14285714285714,0.7935381492121124,20.0,0.7829350810053575,23.428571428571427,0.10497350654770489,0.4389853378093796,1.1346407728847836,0.20953362378902982,0.26311635765417274,2.1169985827984585,-0.02028518938306812,-0.6485676895889154,0.3938709150978736,0.8670588565672543,0.3167566307052422,9.340386285078784,0.40043245178583525,1.7961596130297666,71.0,12.285714285714286,0.1269870218238314,8.924281899239014,0.40150999084147243,1.2885694163516115,0.6602040816326531,0.1949876512276427,3.000610049972706,126.14285714285714,0.944156527299476,41.285714285714285,0.9076258726947316,39.57142857142857,0.004886484026021745,0.44426158926397336,0.927438898574544,0.36898147494231814,0.31089089654307045,2.340176559563919,0.026964495528597827,1.7449935013871491,0.4065062080648714,0.8429625775237192,0.31454548173870966,8.44726379114104,0.3874730666926674,1.8200177617523632,Kent State,62.0,12.285714285714286,0.01761287568544393,1.7069124168522127,0.32845721598909233,1.2608748777270316,0.36904761904761907,0.1539810626191004,2.889540878127043,90.42857142857143,0.8088277856165501,25.571428571428573,0.6773527339876338,21.571428571428573,-0.07619691964003372,0.3710768751945222,1.008401015131497,0.13408645193594423,0.25607488584346927,1.7469813596999038,-0.03655186550276175,-0.9500642441819597,0.3086204717821793,0.9340041517121856,0.12253629783160322,3.432367927658297,0.35174326334605077,1.5554360819642572,64.14285714285714,12.142857142857142,0.2986168412266959,18.990420422694523,0.43780602239938543,1.3695556952429566,0.6873428159142445,0.17573667316314373,3.0818404016723346,115.0,1.0521546831945991,40.285714285714285,1.6119361310012574,61.42857142857143,0.3067821152572784,0.5079897087039944,1.191548410667004,0.2504718801495184,0.28079688318158474,1.9732938220540253,0.18939353949427654,7.87670296170972,0.4504363659300634,1.0873834373635363,0.3990294247886654,11.468494795101629,0.41446413938005267,1.70972511682378,-24.0,-4.10725
401628333,2024,1,Vanderbilt,Virginia Tech,,,fbs,fbs,1284.0,1604.0,False,,Virginia Tech,Vanderbilt,56.285714285714285,12.0,0.06085881870550439,2.6413008453366933,0.33446045544121267,1.4584975023340085,0.5428571428571428,0.18160111818006555,2.9505553788316945,79.42857142857143,0.9025443416232889,24.428571428571427,0.7567195231668915,21.0,0.01869487149878451,0.3897978664162416,1.195584973527342,0.09208987076947646,0.2300695278111244,2.0804696391381667,0.028332491164259312,2.048701204014819,0.31053209947946786,1.1145984483378013,0.02744010333411854,1.8641659166227378,0.3256469811888531,1.6267020070304383,69.71428571428571,12.0,0.3888301475802406,27.223090886701225,0.48282860929919746,1.416918110303561,0.7682539682539683,0.1684723872223872,3.1662589282074576,100.42857142857143,1.3044991298667767,40.857142857142854,2.5394204805969514,78.71428571428571,0.33536282377675397,0.5217086899874288,1.2654151706062733,0.5649839509387544,0.4060545989089236,1.8353808289427882,0.2893195222072526,9.048046762847807,0.43578096519272996,1.2550985950984348,0.4767887821276776,18.673967502883357,0.5285703386605322,1.5290275483302285,Virginia Tech,62.42857142857143,12.571428571428571,0.2676255868093796,17.691150555547225,0.43354140586026063,1.327094622098379,0.9071428571428571,0.16066974408811138,3.4276168610301267,130.14285714285714,1.501967120181406,54.0,2.0271606737933268,71.28571428571429,0.2947086926680967,0.5040865062088243,1.2222384740551637,0.2119598435756158,0.29269707883153256,1.7681430368502553,0.2522498481522299,10.279571880437114,0.4643075801749271,1.0618506421483547,0.3155935842711182,7.732021445946728,0.3809536649959756,1.7810013426990907,59.57142857142857,11.428571428571429,0.1277194413971138,7.325748030620114,0.37365247554323183,1.2298585105140845,0.7755102040816327,0.2080810157687279,2.7740788949860407,81.57142857142857,0.9084490941712237,28.428571428571427,0.9577963425503603,34.142857142857146,0.1197371813065039,0.4603989956149424,1.0781981458220848,0.14368912263013328,0.20674386176758094,1.765877185138795,0.010208262437348195,1.2589160635685952,0.3671806424765808,0.8077110071429231,0.33639419335212123,6.82629717251846,0.4108836868080566,1.5793347330970204,13.5,12.645032
401628449,2024,1,Indiana,Florida International,,,fbs,fbs,1395.0,1164.0,False,,Florida International,Indiana,65.57142857142857,11.714285714285714,0.1400968586790768,9.586219768075173,0.43068724716281,1.1829981712699245,0.6666666666666666,0.12028352347045779,3.455256210142437,117.85714285714286,1.0066032706648758,34.285714285714285,0.7595401255005735,26.714285714285715,0.12985022601004734,0.48685995812912025,1.0158964337267544,0.2222315041018857,0.29697425123895715,1.9386082707941166,0.16677913865733007,5.929065690835993,0.44292689687064757,0.8574168917108406,0.2398606437721896,6.466113758468497,0.4369282414823212,1.523980216702192,70.28571428571429,12.571428571428571,0.27426944423128546,18.84780993619014,0.4741881560147217,1.1906465044623606,0.7291280148423006,0.1464297254281726,3.285854889752405,123.28571428571429,1.1995642821729777,44.285714285714285,0.8973420398498039,36.142857142857146,0.18054974622555373,0.5144522471985372,0.9403682103357885,0.44820204257398333,0.34262086224067784,2.0060262249111576,0.1501322726435211,5.485714918250168,0.4738249020857716,0.8639992519527169,0.4217063953856654,13.76046319117332,0.4663496146504925,1.5848719416735648,Florida International,67.0,13.0,0.04333703934860611,2.544452284387904,0.3502788499474687,1.3192092869535625,0.6887755102040816,0.2168328695114409,2.7873917748917747,73.42857142857143,0.9914888682745825,26.857142857142858,1.0377164502164502,26.142857142857142,-0.07505796995112866,0.4184557221192769,1.0302726108982354,0.23254101950592185,0.23828856328856324,2.0303891270977186,-0.04845530572146444,-1.5781264315780488,0.3780960111317254,0.9708399456867393,0.14458475887535965,5.643466704333619,0.339245275230661,1.5570457496681125,68.42857142857143,12.428571428571429,0.2519429409237176,17.14774721909013,0.4231519908484903,1.3888055456425643,0.8869047619047619,0.19659513556018807,2.9695851117140273,111.28571428571429,1.0035315825166182,37.714285714285715,1.4661950300253115,55.142857142857146,0.16705972600044997,0.4788358755332803,1.0870618686061766,0.4426294918135409,0.3093657340844273,2.376760457543328,0.010171289205472231,1.3779403179843652,0.3905206960974225,0.9170414933891303,0.5585099379176177,16.968219696161476,0.45239064924215305,1.875303103088924,-20.5,13.149906
401628455,2024,1,Ohio State,Akron,,,fbs,fbs,1876.0,1212.0,False,,Akron,Ohio State,61.42857142857143,10.428571428571429,0.2511122504806967,15.667637915632502,0.4462499001064398,1.235499928403111,0.7714285714285715,0.1482569692294371,3.253422055506863,100.57142857142857,1.0413312625995068,32.42857142857143,1.3732587355680015,43.0,0.1928456094070698,0.4943914238079451,1.0645371623905977,0.40477278851990234,0.32292826221397647,1.7146246979839428,0.13391720318171732,4.271327457963254,0.429402359234292,0.8944018124006016,0.41725149415534507,12.81079042808155,0.4658684518259927,1.6085130773179777,60.714285714285715,10.857142857142858,0.062471715360193136,3.9976198556467772,0.37165906176667696,1.1565512118405523,0.6448979591836734,0.142112803230439,3.1374777021418927,109.42857142857143,0.8638214315296225,32.0,0.8596287931496738,31.0,0.02449066163353766,0.4346472605836554,0.9226179060468264,0.16307790370003544,0.24430083422208873,2.2305003841838333,0.06973662745451402,2.787828993657528,0.3792701839160747,0.9125447512945765,0.06670248415520087,1.2097908619892492,0.3775247074990336,1.4832663793858103,Akron,63.142857142857146,11.285714285714286,0.056524840659276744,3.5050631993013623,0.3495735544841354,1.214374848179595,0.9015151515151515,0.13492085628308534,2.9331363056997732,69.57142857142857,0.8802093557511513,19.714285714285715,0.628157170881629,14.0,-0.0015480480271353914,0.41172869464665995,0.9249689988444264,0.17259375310247863,0.26224931014404695,1.9412206071899625,0.09975639505341546,1.4139609311196932,0.39802889134158487,0.9269673732558074,0.14897925069294482,4.465332644832318,0.3497155475849683,1.4445835383506809,62.57142857142857,11.428571428571429,0.23403803160208395,13.555816218080107,0.4277290598284881,1.3238975488224365,0.7920634920634921,0.14325901812080488,3.198695299491408,121.57142857142857,1.1028405647213697,42.0,1.690868971192943,60.57142857142857,0.12260550502088592,0.47716422466422465,1.0511001306518675,0.5223296446716846,0.3313916475681182,2.331518937511078,0.2400510419203664,9.047119992869517,0.45522682757313454,1.1336916599339526,0.22781852108047018,5.631646667254643,0.3773870970299541,1.6742252513056874,-50.5,10.603376
401634304,2024,1,Syracuse,Ohio,,,fbs,fbs,1330.0,1522.0,False,,Ohio,Syracuse,60.857142857142854,12.0,0.03520493698271936,3.364847695824264,0.3288065503690464,1.2293474615309903,0.7083900226757368,0.19852828353897228,2.7061269868507787,114.42857142857143,0.8098384558934961,34.42857142857143,1.0057657393975605,40.57142857142857,0.04817441152399222,0.4006681863824721,1.0801766551802863,0.0321904056783275,0.18687055281882864,1.7598838801923915,0.00547201434562166,1.7950778631961548,0.3204736757382657,0.9470831865949422,0.16387956772166418,3.020390605454341,0.33000700280112044,1.4994865360891751,66.57142857142857,11.857142857142858,0.22680920665581022,14.787165929810808,0.4671701547814024,1.1542444181764975,0.8428571428571429,0.14632839818354743,3.317922849168077,119.85714285714286,1.0527971909842795,39.142857142857146,0.7569942723317604,28.714285714285715,0.22165416881092445,0.5346496252780597,1.0334213194092143,0.25768826208887896,0.3068157170641643,1.6483901597902222,0.15705012979765556,6.286008016052153,0.5207673061130761,0.7639401861959572,0.29716404069618163,8.501157913758654,0.4091730761373618,1.6951637244600992,Ohio,65.0,10.285714285714286,0.2112885693873298,13.744060181619355,0.4591112522321446,1.104808363464309,0.7238662131519273,0.1783633864553091,2.8684677000782943,99.0,0.9791641607333705,35.0,0.9029453311185626,34.42857142857143,0.15665632769538826,0.5083269227868531,0.9779799095634457,0.341761851737901,0.3263530250877134,1.6258529742133372,0.12948830620707025,5.031689815469074,0.43556894685235886,0.9063683823575105,0.30114601228879845,9.17003192894518,0.4888910703602148,1.2668817301380348,58.285714285714285,10.571428571428571,0.0755145221339798,4.463081949697603,0.36767580664599364,1.38422043232398,0.7436507936507937,0.23234485614053718,2.5979380323441785,73.28571428571429,0.9479623228377382,25.428571428571427,1.1311250073293262,33.42857142857143,-0.047979734901089706,0.410854944897498,1.150732064494139,0.37285732400469124,0.2935045948203843,2.0450253194610304,0.0884663038820517,1.5619119964733401,0.3934545659213433,1.1375717786838324,0.13417479539683122,3.723474708967541,0.3638492253088526,1.6840271184052398,-17.5,11.697042
401644683,2024,1,Northwestern,Miami (OH),,,fbs,fbs,1498.0,1506.0,True,,Miami (OH),Northwestern,63.142857142857146,12.857142857142858,0.08040088068145547,5.0663616954392925,0.36835752414859807,1.224676048394759,0.6607142857142857,0.21202228017643837,2.753224301214739,88.0,0.8231911155266705,26.428571428571427,0.7646288783712719,24.333333333333332,-0.037458925641470166,0.3975595691623566,0.9203966095550262,0.3045577291095393,0.3222420853999801,1.9097575239413154,0.02044345405948381,0.7088528974713143,0.3406617819541609,0.93129867090833,0.1828345035966283,5.217529351445542,0.4022758194186765,1.5043312291027717,65.71428571428571,11.857142857142858,0.05507602237491758,4.028088306433532,0.421273753491432,1.021191416394572,0.7802197802197802,0.13710273853130991,3.254899703471132,113.14285714285714,1.0326312576312575,35.714285714285715,0.9854308390022675,34.857142857142854,-0.003741157059304814,0.4712466366712275,0.8615660969383908,0.22099300214223933,0.29771832177847213,1.7320153397470022,0.0593785804971874,1.8980548528790802,0.4423155416012558,0.7873926287034819,0.05984299127998723,3.2089039014998817,0.39610911769307594,1.3155949416936632,Miami (OH),54.285714285714285,12.428571428571429,0.07088377224644432,4.03295824756429,0.31778957277863784,1.3474017410922532,0.8238095238095238,0.19055129661651019,2.761687505281703,97.0,0.9352898527731464,33.0,1.304521088616058,49.57142857142857,0.032320113959171885,0.38290467631600633,1.1614534247795947,0.13952885409029542,0.21406926406926405,1.8912027683754968,0.04865357246428604,2.0775185735401798,0.3256634622238977,1.121528585309789,0.11615615834052183,2.8993600654705065,0.3053769210553434,1.9304584330903276,67.71428571428571,12.142857142857142,0.0637845862315414,4.514787383809018,0.40591991906187436,1.0142203901452902,0.7321428571428571,0.1676789890984264,2.918394417967856,103.0,0.9351589799799519,31.857142857142858,0.509034594885892,22.714285714285715,0.06908514814882692,0.4826388931978994,0.8971599773371899,0.036488386927586505,0.21779612429767226,1.648475455070265,0.012950848311203545,0.6189007010314633,0.4151692672609735,0.711808284553717,0.18087842275542335,5.662278175487287,0.39982836351990486,1.3788100264814396,-2.5,11.3256
401641015,2024,1,UT San Antonio,Kennesaw State,,,fbs,fbs,1598.0,1500.0,False,,Kennesaw State,UT San Antonio,70.85714285714286,12.857142857142858,0.29230035738431004,20.4666377006292,0.44125531249361555,1.4450483779133723,0.7857142857142857,0.1666584841149301,3.0196107686351588,111.85714285714286,1.0038170398449144,37.714285714285715,1.3525922806062176,49.57142857142857,0.1337565924285016,0.47075238879750153,1.1098924950162639,0.6163468775257633,0.35888234149103715,2.401725415729761,0.1771097328949483,6.723635974100689,0.4186719307276798,1.1235173778547483,0.39843159409615847,13.994042153572604,0.45936141969976557,1.734757026117126,71.28571428571429,12.285714285714286,0.10210953172488513,7.997325541969175,0.35426986728282134,1.4259365595731066,0.9404761904761905,0.1632888031333545,3.028643324507366,104.14285714285714,0.9518285461787396,33.0,1.072031450434354,35.0,0.04002600370293081,0.4265087878013704,1.0304593213923112,0.2113653301513269,0.2267914960268783,2.6242561879800648,0.13722949188030803,5.1128973713457,0.4032498450986575,1.06953081741611,0.22641988718990155,6.838104025975696,0.33292988108382354,1.8655409193200228,Kennesaw State,58.285714285714285,11.285714285714286,0.19242243350550764,11.070058219835067,0.4361192265077406,1.2139044675363688,0.710204081632653,0.1690365352912991,2.995555901841539,116.57142857142857,1.294729670803981,51.714285714285715,1.2107919976751007,42.42857142857143,0.136943538607855,0.5087635342737383,0.9830924286183019,0.37158896475255876,0.26012324609680065,2.4298573797699854,0.21265336290640915,9.077602974982872,0.487355261795467,0.9931741336096847,0.1298038762260685,2.4705445544050897,0.3048934040869525,1.8428536077311637,60.42857142857143,11.285714285714286,0.07408529446647501,4.930508568116567,0.3745336979522559,1.2831289991824235,0.7420634920634921,0.2452844706876965,2.50302229984488,80.71428571428571,0.9541534569760376,30.571428571428573,0.9264721398189141,29.285714285714285,0.04295523601662773,0.42749623980866475,1.0387320275965883,0.10396920873760915,0.27093035932321646,2.078750438614817,0.024496539438591175,0.8798600277188161,0.3689702668734927,0.9998978002840904,0.1589192338896705,4.318404031141212,0.38338504515813915,1.6226886524704833,-24.5,2.2314258
401628322,2024,1,Florida,Miami,,,fbs,fbs,1562.0,1553.0,False,,Miami,Florida,68.14285714285714,12.142857142857142,0.29243940083959236,20.33676070485518,0.4222533481675585,1.4441481920567654,0.8333333333333334,0.15192000981474663,3.161752823200192,98.14285714285714,1.3214845583266634,39.57142857142857,2.0036167536167535,58.57142857142857,0.18162218534231098,0.4751509839225506,1.1733959216633205,0.5084912225094662,0.30910124690608504,2.31834885209241,0.19837107136562857,5.9288911735816106,0.4503917622338675,1.0595297901878138,0.39191524075622935,15.157043190779136,0.41206119275395764,1.7913315007149149,62.42857142857143,12.0,0.31398386598237477,20.06216290437506,0.4156248145191091,1.5501592128250545,0.569047619047619,0.17920977500773763,3.094620910985512,96.71428571428571,1.251076095664381,39.142857142857146,1.9884903281337916,63.857142857142854,0.23066242117341937,0.4492152747623872,1.3268593211878645,0.5125127007315033,0.3371739789033022,2.3032236752321054,0.180454177008853,5.964651627602065,0.381209050648779,1.2390894361033973,0.4928364082870708,14.867582314498547,0.45396703484261075,1.8223482525545684,Miami,65.71428571428571,12.142857142857142,0.16260170662902276,11.221238256494631,0.38474977270419697,1.3337390413996764,0.7166666666666667,0.2076242804814233,2.896185635792779,90.42857142857143,0.967311616954474,30.0,1.3054611459968604,39.714285714285715,0.14856213442696944,0.44373217336990994,1.2236302249193804,0.22382566571355053,0.2615139211167822,1.7101041535308437,0.14099302102684066,4.604640096608548,0.38368458922030346,1.13258472068989,0.24748396386596544,8.534139457299045,0.4001009732576553,1.532036415749393,61.0,11.857142857142858,0.17141932063415447,10.426734244700409,0.4037531102318773,1.343637970042975,0.7716450216450216,0.23345881942520594,2.7123954299668585,84.42857142857143,0.9864053313633147,31.142857142857142,1.0357476836888602,31.714285714285715,0.13931877292724518,0.470127211148942,1.1423418573206152,0.2484975385387178,0.2602228770295997,2.1057410685315614,0.09063488714523395,3.172934415463846,0.3811387631975867,1.0556585508861474,0.23377793847157463,7.636790590843259,0.416009717719704,1.5341178198025547,3.0,9.294137
401628454,2024,1,Nebraska,UTEP,,,fbs,fbs,1507.0,1296.0,False,,UTEP,Nebraska,60.285714285714285,12.142857142857142,0.0969444954263557,5.659971996717709,0.3598919665416111,1.3734709839994679,0.8250000000000001,0.12170150962852823,3.2429001589211217,120.28571428571429,1.0375765572582343,39.142857142857146,1.0764087345997284,40.857142857142854,0.017155213964025924,0.4195351977026202,1.0267930129389378,0.1852670233793265,0.21684617526722785,2.3686502342619455,0.09432592740811363,3.322861224441484,0.3851157446266142,1.0596805315435314,0.24895721957715664,4.393057144889409,0.3342936428650714,1.925946062094371,61.42857142857143,12.428571428571429,0.05572121785057365,3.37014808351691,0.35910430492973183,1.1146425192138862,0.6833333333333333,0.1279667582007483,3.1262376580726334,88.71428571428571,0.7654487015447607,22.142857142857142,0.7494737829220588,23.666666666666668,0.01161134558964314,0.44274943464373734,0.9000722881771505,0.16156277918476122,0.22171571239894217,2.136178670828847,-0.02672446099392823,0.08439500634070936,0.35570151113254556,0.6416624906800604,0.15356061582033245,5.218149532876221,0.35864037453331676,1.4647855844566249,UTEP,64.0,11.142857142857142,0.1536009300394228,9.454582738207543,0.3823683753826659,1.3928045977744452,0.7166666666666667,0.19715319715319715,2.8444238469238465,98.14285714285714,0.9124093874093874,32.42857142857143,0.9349484099484099,33.285714285714285,0.078857215486825,0.43314607050551795,1.0776013082277507,0.28220834759964425,0.27709255621073703,2.230508348056652,0.06291973144142278,2.5658808666111135,0.41738716738716736,0.9027985988170785,0.298253154992865,7.245833803455254,0.3498152094211207,2.0081865367738443,62.42857142857143,11.714285714285714,0.2332322045488249,14.551416018097598,0.4233639521277732,1.349657379838513,0.7880952380952381,0.16870307469873974,3.328707729401219,119.42857142857143,1.4135460717912096,49.285714285714285,1.8416468272283315,66.0,0.12235948879124671,0.4977841578875414,1.0458344936329749,0.47178351050364825,0.2800235478806907,2.3978573558667047,0.29597270521911956,11.243829242151643,0.48134170140047666,1.1356970095700327,0.15608999439138663,4.521408027612001,0.3410347171091743,1.6962879642837174,-27.5,0.37891287
401628331,2024,1,Texas,Colorado State,,,fbs,fbs,1850.0,1350.0,False,,Colorado State,Texas,71.42857142857143,12.428571428571429,0.2594588956553337,19.26067487475646,0.45564593025237704,1.2734651917054336,0.8095238095238094,0.15562749677732254,3.4862214394200457,119.0,1.2884356294112393,43.142857142857146,1.6122200099552015,55.57142857142857,0.207005832037301,0.5052371769135873,1.062629963852733,0.3783643685530655,0.3501428724877372,1.8844474756528122,0.23533276414460216,7.605543282704482,0.46922451532207626,0.9909891026655765,0.32083431073705126,12.513405090072757,0.4617297979797979,1.5329850432151457,63.285714285714285,12.857142857142858,0.12134446577236892,7.664314812383866,0.3996113914969026,1.2315506074207954,0.494047619047619,0.20717699652234753,2.435649376872337,60.57142857142857,0.648178252276924,16.428571428571427,0.672895988420182,17.5,0.041167885223115805,0.4394488714853205,1.1112520009544038,0.29320348390555295,0.31045581869111283,1.7418137097085469,-0.11339542265648621,-1.8826606413439875,0.34208463368804926,0.5462870755727557,0.2593004622121597,9.98937518520585,0.4284812863760232,1.4826924708630853,Colorado State,67.28571428571429,11.428571428571429,0.16165826152174903,11.040084657213212,0.41205064992131096,1.2190745532566554,0.7880952380952381,0.163763488663212,2.983608775062211,80.85714285714286,0.7874026224380065,23.142857142857142,0.4720487766051789,15.285714285714286,0.09142956901270241,0.47618197124276146,1.0234412464614777,0.2816090874042806,0.27653539443013125,1.776322966386205,0.0026270124243845277,0.9799743804466814,0.3854349933249689,0.7467325418749413,0.2924302919815708,11.294978677269102,0.41824565913492634,1.5829821641321593,66.85714285714286,11.0,0.20773490099712566,13.94952153078157,0.4347679684036218,1.1705414843743254,0.8095238095238095,0.1952842827373469,3.068553994587063,117.57142857142857,1.213978844156695,44.857142857142854,1.2127023802652612,42.142857142857146,0.17100560061501943,0.4949137366818047,0.9839353122797591,0.29997763675346334,0.30034193164445266,1.949056653684359,0.19724776798145632,6.633150147604582,0.43752453722180024,1.127313396655844,0.25492765399443573,7.98081326870349,0.4200806638694838,1.3180618184871575,-33.5,-8.8818865
401629039,2024,1,UMass,Eastern Michigan,,,fbs,fbs,1141.0,1287.0,False,,Eastern Michigan,UMass,61.42857142857143,11.857142857142858,0.21545109912370888,13.226076704659507,0.41694490606119766,1.380105058721471,0.6181972789115646,0.12700663132415893,3.223638286028354,97.42857142857143,1.143416273541693,34.857142857142854,1.4316798395510553,39.714285714285715,0.10730773406700682,0.4536570135032889,1.1514256830307197,0.4361715273549288,0.3203506318915526,2.029670451761025,0.16470963750053488,5.08804341301459,0.43234264061012795,1.0755587847052182,0.3386815783061442,9.826252962702695,0.4190801346005295,1.7043160911231912,59.285714285714285,12.142857142857142,0.3177581769506515,18.917760306918193,0.45831212801393695,1.400874458701189,0.8095238095238095,0.08717662181917575,3.69442896315289,128.57142857142858,1.3203768524439152,45.857142857142854,1.6118649113707322,54.42857142857143,0.21838032056696058,0.49568485765229414,1.182610272739512,0.5434362898598254,0.3738615306262365,2.1070435560171745,0.2289658790562643,8.227400160795538,0.45814661899127096,0.9737234563099973,0.4747283508293564,11.04061094246727,0.4653541416566626,1.9767358406952522,Eastern Michigan,61.42857142857143,11.571428571428571,0.05691004850454536,3.627268841092761,0.3423949708586172,1.3154602815962857,0.7363945578231293,0.17772075594656236,2.9535116429269657,94.0,0.981995162841937,31.571428571428573,0.6435768980123819,22.285714285714285,0.030749354507848357,0.3928490651716399,1.1295116508500993,0.11345515927266463,0.25274465689295866,1.8078810464549893,0.09919500052750022,3.557909728320832,0.367250849508914,1.2029808688638521,0.04898683482263073,1.511560497580602,0.3213320341399159,1.4929206222276334,66.57142857142857,11.857142857142858,0.23000656812078127,14.588728382940925,0.4291208590182999,1.3245652837594208,0.7047619047619048,0.14995036374346715,3.2424296787843585,115.28571428571429,1.1535353653580256,40.857142857142854,1.0382210377284269,35.714285714285715,0.022169806558172096,0.4583262874540619,0.8672406535840594,0.7078504764234673,0.3650103519668737,2.595095045678705,0.15189855443133093,4.667592849356931,0.44040724237768575,0.9714139429467504,0.36914050524716047,10.181257973842818,0.4255656781747863,1.74553471050225,-2.5,-10.550493
401643700,2024,1,Georgia Southern,Boise State,,,fbs,fbs,1384.0,1626.0,False,,Boise State,Georgia Southern,67.57142857142857,12.857142857142858,0.1891942447094246,12.544659626257369,0.43501619741458064,1.2680659635279814,0.7428571428571429,0.20690444247349618,2.8734936563344493,80.28571428571429,1.1553269203205265,30.285714285714285,1.0786414408728986,29.285714285714285,0.08675393837739083,0.47632655330647344,0.9722942197184677,0.4505957322591046,0.3235846624045382,2.3513478379762986,0.1702358528794207,4.671467251374255,0.4689478839287023,0.9833137306285069,0.233955141169132,9.267564723129793,0.4197384540414703,1.472245104087656,67.28571428571429,13.285714285714286,0.25324815349834495,16.95236583398317,0.4432807491912074,1.3990073951207533,0.5738095238095238,0.2024176928991899,3.07409368013658,108.85714285714286,1.34077700149,48.285714285714285,1.6831617174607973,60.142857142857146,0.16436330136039373,0.48557837176541396,1.197784174561466,0.4564832637199194,0.3492970310653906,2.063684381887724,0.19076472629355304,7.4982800073193,0.43314087990570055,1.12573764904717,0.3294224468752928,9.578873535714191,0.45718576119318083,1.6836565918171575,Boise State,64.57142857142857,11.714285714285714,0.30477824825652605,19.673753078280868,0.4609863863558445,1.3795684970188928,0.85578231292517,0.16293896230877739,3.3803113228855253,138.28571428571428,1.2860677299905594,52.57142857142857,1.725937169964554,72.0,0.32327549708162934,0.5097884134227024,1.2607146155388524,0.2427801211200544,0.33635014734638796,1.7857640617974508,0.2424391532993495,10.014289671023473,0.48128232687403216,1.0633075986803489,0.4773019114054427,10.725799796268424,0.4478448969213925,2.0331098785496677,61.57142857142857,11.428571428571429,0.11874756205567387,7.842915188641102,0.3657943785855276,1.3832149449464863,0.780952380952381,0.2057023382829834,2.824900763172653,85.57142857142857,1.027704142588935,31.571428571428573,1.606402360227245,52.857142857142854,0.05474589204158831,0.4260127503158862,1.145172362280973,0.22332546668441203,0.2554859103557968,2.078050906002409,0.1267905253176623,4.578623586317763,0.378148879623534,1.182191957483704,0.1243950374945667,3.7367915898565434,0.3468874311238843,1.661833147467867,13.5,-0.6948747
401628329,2024,1,South Carolina,Old Dominion,,,fbs,fbs,1562.0,1406.0,False,,Old Dominion,South Carolina,63.42857142857143,12.571428571428571,0.19553111249183333,12.618670443390698,0.4054158026847103,1.2954845058837843,0.8333333333333333,0.15384460427037064,2.883226947032798,78.71428571428571,0.9820190412005678,26.142857142857142,1.5584625919729105,40.42857142857143,0.13637061434444048,0.4714524949953654,1.0873230740967714,0.3016227094224889,0.29600803957946814,1.8333360402044665,0.02866078257688399,0.9721315089405589,0.3632734376423016,1.0190019302010076,0.36562671701229027,12.401138318998864,0.44827587101736077,1.5081157182393363,70.42857142857143,12.714285714285714,0.14766994288563345,10.597782441417209,0.41118360484120214,1.1690627863469414,0.8319727891156463,0.10388793706569274,3.281366094238984,126.28571428571429,1.0272104163812208,38.57142857142857,0.8868693847988783,31.142857142857142,0.14229565792957216,0.48524868700746443,0.9434841670894987,0.16211104457505374,0.26307056003179297,2.0458175798593503,0.16612649638473825,6.024099969551862,0.4536234676353842,0.8710231611987316,0.19389946676427477,7.0433392036081885,0.3717733111115464,1.6141155110073753,Old Dominion,64.57142857142857,12.714285714285714,0.17251942970727577,10.943560188828261,0.40080199991462884,1.4238689437492964,0.6309523809523808,0.20293189235992162,3.0962472929618494,102.71428571428571,1.297009225526439,43.0,1.867004121747955,59.857142857142854,0.0534321317017226,0.4281860576760451,1.1400476531275088,0.3702650187014605,0.33098490189609464,2.0950740389293703,0.16636640877988154,5.235550296456418,0.3997535987099554,1.2982732856303016,0.22699251055029035,6.99270557993223,0.4013589315238254,1.6385444004557903,73.42857142857143,12.285714285714286,0.12660086677478638,9.429914596209938,0.4276108889714111,1.1558901788943678,0.6517006802721088,0.17961941396807074,2.8755521893714544,103.14285714285714,0.8139764248340173,29.714285714285715,0.7116839887099526,27.142857142857142,0.03367588027109097,0.4586402879347912,0.8802580415745709,0.3570224794944928,0.3250987601437377,2.294245270548532,0.015642475257976178,0.6200857620783748,0.41229433336885285,0.736854762456687,0.2562674567565718,9.746482660599819,0.4428810184225558,1.5059719491184913,-21.0,11.823304
401643775,2024,1,South Alabama,North Texas,,,fbs,fbs,1650.0,1412.0,False,,North Texas,South Alabama,69.0,12.428571428571429,0.2682532433276654,18.867296461891673,0.44667830396731967,1.4277878635442047,0.7476190476190475,0.15771231352626697,3.3157373523486484,116.42857142857143,1.485316252592,50.57142857142857,1.7664711626505647,59.857142857142854,0.0569448155247745,0.4551731532824727,1.094052672858498,0.7110433891531677,0.43231292517006803,2.2089982761199787,0.18625854626557103,7.517456962324239,0.447817538681326,1.1796511364463669,0.3598513361985368,13.111473763567725,0.4525203599515933,1.6366029393439203,61.42857142857143,11.714285714285714,0.06372763241215637,4.553072566076573,0.3647600108824068,1.228888655731734,0.8010204081632654,0.1870268071729386,2.7621503775147964,92.57142857142857,0.8777115993796808,29.571428571428573,0.709259769658751,25.857142857142858,-0.00432588456953347,0.42537516070581466,0.9437769049423812,0.17145305166210814,0.2533898641041498,2.1070034767071113,0.01144703108276114,0.24431364661697166,0.3709511131200435,0.9957764624987576,0.20980561051901608,5.194645140573212,0.37527136246348064,1.5911051898620785,North Texas,76.14285714285714,12.0,0.2954383026117537,22.88910008796004,0.4585447243178527,1.4697343210294458,0.6404761904761905,0.17558193820163723,3.5432297802842068,116.14285714285714,1.526628713500904,49.57142857142857,2.5593071337061954,77.0,0.18054083563807757,0.5065183982215442,1.1788300829263765,0.5448769520090279,0.34728184874517937,2.3798374154182587,0.3574188388488639,11.543568573544528,0.4979263023038673,1.2794079107739922,0.2940423475907923,12.76760139447025,0.43145958233626985,1.6935300132528062,70.85714285714286,12.285714285714286,0.3256374095738425,22.174070363798844,0.47752732583968277,1.3287448374323507,0.7267922553636839,0.16298012111022894,3.591579025202759,156.14285714285714,1.383456622923769,58.42857142857143,1.8573412568688803,78.14285714285714,0.2831798116342234,0.5190195242716251,1.1613433321248077,0.42821063478084004,0.35420816999764365,2.1014388189854154,0.39977477773286335,16.897071341764473,0.524483647005713,1.2206772837641753,0.2572924469173891,6.638656668310596,0.3995905767213904,1.6286498657854263,-5.0,3.3106148
401628319,2024,1,Alabama,Western Kentucky,,,fbs,fbs,1854.0,1466.0,False,,Western Kentucky,Alabama,63.714285714285715,11.857142857142858,0.3261509301830766,20.57282347841888,0.47132467131956346,1.3245109472513832,0.8821428571428572,0.1404069841569841,3.2383673102423103,123.42857142857143,1.293380230880231,49.142857142857146,1.5902527465027467,56.714285714285715,0.22841080506721942,0.5198138554484928,1.0505504278631224,0.6022420209533778,0.338289861399105,2.566840282380103,0.2863240868965265,10.81992188138541,0.4904833342333342,1.0396217809877508,0.4257703409492783,10.35334403018829,0.45681567946185636,1.7315636518061102,60.285714285714285,12.0,0.16661438842061888,9.945205357100562,0.3855588996164479,1.3129082406777626,0.6785714285714286,0.1640781963362608,2.9999781186417134,90.85714285714286,0.9551004412755565,29.142857142857142,1.6785028819591032,47.57142857142857,0.17562109575834864,0.46259784190729364,1.1549160440691983,0.08720945441042774,0.21616595601558003,1.857270124841925,0.19312272427057947,4.686886030626022,0.41559132595998954,1.128838904499014,0.18815536924491738,5.5847312831032365,0.36696832709077626,1.579842333585523,Western Kentucky,69.42857142857143,12.0,0.20035304257504064,13.498779355509864,0.3996672221245946,1.4201495210207784,0.8428571428571429,0.14172346890102944,3.1203193489031733,87.85714285714286,0.7921126665107209,22.428571428571427,1.3325048353722686,38.714285714285715,0.10005416901083283,0.4368598091662918,1.0798042522924838,0.437932804144259,0.3213151270685004,2.4090380955916513,-0.005724946385858974,-0.022630669155712595,0.3494847375522245,0.8028575064204302,0.3754279223539387,14.71090450507042,0.4342426190921226,1.7693629120779293,69.14285714285714,11.714285714285714,0.20488988823991475,13.39165514138357,0.4435059136522142,1.178061423126911,0.5694139194139194,0.14533332390475245,3.3516520287948857,126.42857142857143,1.1576751005322434,45.714285714285715,1.2431741788884647,47.57142857142857,0.17882522917635907,0.49876795849952554,1.0549523586787857,0.24200579068144282,0.307558523347997,1.6967444965581115,0.1298199440397226,6.099515826067878,0.4611106396820683,0.9217535738129337,0.34207230551405293,8.589338903408814,0.42708586444611285,1.5719542653368257,-31.0,-3.883454
401641039,2024,1,Rice,Sam Houston State,,,fbs,fbs,1362.0,1388.0,False,,Sam Houston State,Rice,63.714285714285715,12.428571428571429,0.15440189577212077,10.64729940195833,0.4008949744594247,1.3901801864864982,0.42346938775510207,0.19196329061311637,2.798380666330517,89.28571428571429,0.9185211042851661,29.571428571428573,1.3506996503947721,42.142857142857146,0.11694717788977174,0.46125312935240437,1.1872269965879134,0.24115234282726788,0.2831194304224706,2.2116406510277593,0.10392712193855279,3.7106397084450897,0.3886377433104661,1.03926445337519,0.24496053645226074,7.6134536023312736,0.4160526836997425,1.7083072875904026,63.57142857142857,12.428571428571429,0.1363423069117753,8.62512614031242,0.3573078479679718,1.3629155928141174,0.8149659863945578,0.1628869568416493,2.990673240077581,97.42857142857143,1.0179182611142783,32.42857142857143,1.900142732006375,60.142857142857146,0.062194433664233384,0.4192238800282017,1.0575168493246543,0.2716815035892937,0.2503212063766061,2.1346173355041516,0.17266829389861038,5.7418174890980875,0.3812793606025536,1.1643677827995376,0.1335457961928533,4.4153344509219865,0.33555198637069406,1.6083603541538831,Sam Houston State,70.71428571428571,12.285714285714286,0.16772612418999613,11.476807007721366,0.4120801266826753,1.1640015603341207,0.8928571428571429,0.13358284262965317,2.805066853987543,79.85714285714286,0.8171769373806724,22.142857142857142,0.7141283703495686,19.857142857142858,0.16104494047437826,0.4851816730363271,0.9862854085083985,0.19633518271387418,0.25393957319423155,1.9896598170244535,0.009447621308257869,0.6603660980122213,0.3808700242365049,0.7845528121559708,0.3210429970680803,12.407488100295874,0.4430097909609188,1.3779324746259796,64.71428571428571,12.571428571428571,0.19444459131839403,12.126126806963708,0.4299325015155401,1.2604207889836654,0.8258503401360544,0.1498411789360065,3.136161001354967,97.42857142857143,0.894279571003709,28.285714285714285,1.1799777090725365,39.42857142857143,0.140073211155219,0.4939335977211864,1.0140659740498852,0.25178999643956856,0.2764797948164773,2.173736834999308,0.1654170332909081,5.595894787174767,0.43285665483941344,1.0439957662399515,0.20874808420678445,6.999108836815879,0.4367404372630853,1.3566000612357831,-10.0,-3.8120234
401636611,2024,1,Houston,UNLV,,,fbs,fbs,1447.0,1496.0,False,,UNLV,Houston,55.714285714285715,10.714285714285714,0.12939485948685361,7.012093649769722,0.3766130782004957,1.3520673719409062,0.6476190476190476,0.23564609993181418,2.9118419807705522,71.28571428571429,1.3311663204520345,32.42857142857143,1.1064912600626886,27.0,0.1278072190213348,0.4629656676534542,1.184100223587557,0.1327256091512823,0.21168562286574708,2.232967301735615,0.05344008033712625,1.7309068962698595,0.37616497259354403,0.9868412873175697,0.24872387006533275,7.489463790856392,0.3827394242543428,1.591409796204738,72.0,11.142857142857142,0.24877027539328259,18.04752238320039,0.47998576219244754,1.2235019291701412,0.8154761904761906,0.16690345574588847,3.2302173034321298,122.42857142857143,1.1765449660003477,44.57142857142857,0.8940669902884526,33.57142857142857,0.18926399941870928,0.5224884958978596,0.9855662529752252,0.3839494491367249,0.35240758983019044,2.1070201864531626,0.19935266822022527,7.281263578418089,0.46071290942741394,1.0226250808936863,0.34600380382166424,11.58458744992611,0.5017732017732017,1.4570514376673143,UNLV,63.142857142857146,12.142857142857142,0.2890314738455076,17.103581177535567,0.434574046737481,1.425677076207322,0.7806122448979592,0.10748763043078512,3.2643325268915504,103.57142857142857,0.9591431619247137,30.428571428571427,0.7958638091317384,24.571428571428573,0.18060130599469207,0.46954897639713905,1.1453281940527866,0.4513356380298915,0.3397285254428111,2.011295507374064,0.18177637922036888,5.542786727959768,0.39932352096028717,1.1062296913805942,0.4679695289856225,12.404611765009145,0.48302262253875156,1.7058599312807576,65.14285714285714,12.857142857142858,0.3150124505656468,20.684685184504854,0.43177911642909034,1.3870553847926568,0.8666666666666666,0.1196920356650636,3.209827600985092,129.57142857142858,0.8928591042170343,37.857142857142854,1.5417726188213579,72.83333333333333,0.2613778564606401,0.46414627057058444,1.1590989259626692,0.4241762237343009,0.35724253816359075,2.15525832910665,0.12213084985571136,6.309114446936697,0.4004644578231518,0.8741888179238541,0.5420747737636978,15.183853802040119,0.46221127531472356,2.1105954672469447,-1.5,-6.331186
401628452,2024,1,Michigan,Fresno State,,,fbs,fbs,1973.0,1558.0,False,,Fresno State,Michigan,61.42857142857143,12.0,0.18336960013287623,11.103476725583178,0.40010418746403026,1.2607393142006018,0.6880952380952381,0.15922861672470576,2.929887466926609,106.85714285714286,0.7879927209447429,29.285714285714285,1.2904773150732554,48.0,0.18403711263957914,0.46050069376918057,1.12895772650432,0.1307675219177194,0.23631816362908795,2.0321014529158345,0.13521382631029602,5.293900251881576,0.3698882952174043,1.0825605786352384,0.23667288279125828,5.809576473701604,0.4612167011326675,1.3919908119631956,60.142857142857146,12.0,0.08439109098587987,4.933059517922009,0.3675793238299857,1.069216051588636,0.6507936507936508,0.15905662673876306,2.9371868810953594,81.85714285714286,0.8333048623948287,25.714285714285715,0.9390031265031266,30.25,0.05664673249154216,0.4330115763571274,0.9220729208351407,0.15003506886143003,0.24428352148940383,1.6106553378539217,-0.003680191854537599,0.6169547138837828,0.3907732335266689,0.7294290008039256,0.14375650577941196,4.4478540726494655,0.33247714954970575,1.3681813039905306,Fresno State,64.57142857142857,12.0,0.16986465605589332,11.196760510852195,0.4147440689454501,1.3051128508746666,0.7047619047619048,0.1979802987321784,2.998763896921792,73.0,0.9305855297584621,22.571428571428573,1.4956573056573055,35.5,0.08084622809326757,0.44330905835580586,1.1207383641779545,0.3493900035699111,0.345275888133031,1.6834550572490097,0.15124656158981714,3.661846953441995,0.39446133649141163,1.0302931306668834,0.20685734186795496,8.289158645650458,0.43559487929626517,1.4566366957319903,72.57142857142857,11.571428571428571,0.22890259693572676,16.79035374949871,0.44714417584777316,1.2557588257540615,0.7448979591836735,0.14305605889393216,3.513502374940777,141.85714285714286,1.3266328962438938,53.0,1.2801364274148803,54.42857142857143,0.17231166466352402,0.4821041029337167,1.0182095755804457,0.31196913673027765,0.34999259999259996,1.9611922179347527,0.19215376794698333,7.753494424487191,0.4654380899911862,0.9218700652605322,0.3757510488087746,11.884751041681822,0.4395630925345391,1.6938061075185213,-21.0,5.961013
401628332,2024,1,Texas A&M,Notre Dame,,,fbs,fbs,1681.0,1884.0,False,,Notre Dame,Texas A&M,68.71428571428571,11.428571428571429,0.18955164950853096,13.179881633505827,0.41035888201684045,1.3545607350859203,0.8317460317460317,0.16435139631084494,2.7262038907627217,97.42857142857143,0.9121566122524027,32.714285714285715,0.6178187884190758,23.0,0.10013835411686565,0.47158775663846547,1.0563726483281233,0.40370868416254624,0.29439735702893594,2.326356553729725,0.11007678866099647,4.552128071095799,0.4243214303748602,0.9394733065552785,0.24865381125013106,8.819265288997162,0.39501922969763764,1.8094454724493343,62.57142857142857,11.142857142857142,0.09725509233253662,6.3323467691049995,0.3898897869740396,1.2995014984833424,0.4261904761904762,0.21910919540229884,2.7114326765188834,76.57142857142857,1.1923234811165846,35.285714285714285,1.7027401477832511,43.285714285714285,0.06784667767909322,0.43237477520068807,1.092927915716055,0.1754534688364369,0.3064348971911997,1.9228141489135684,0.03969259559472837,-0.04278307675328679,0.3863916256157636,1.021280790638088,0.23080152632763054,8.728801989718011,0.4047633598894103,1.5556262040342843,Notre Dame,63.714285714285715,12.0,0.3035229888111413,19.407774221064955,0.45627419414623616,1.4161753108625743,0.7678571428571429,0.14614998666990525,3.192769738159677,103.14285714285714,1.130846536441953,37.142857142857146,1.6885749781993624,56.857142857142854,0.22260217305293092,0.5008194934440524,1.1923953969475354,0.48756347795677785,0.33675817788349754,2.303990281007129,0.17580403642308934,6.066947438380951,0.44210361364596745,1.0530281985975842,0.5093857917054225,14.431489561171778,0.47525932677510746,1.7986126970577951,57.42857142857143,12.142857142857142,-0.004113810743361404,0.35091796835401273,0.3515150540426643,1.2426013718890405,0.454421768707483,0.2523100124828396,2.6333583502934763,83.28571428571429,0.991137882585251,30.857142857142858,1.0999695164855532,39.666666666666664,-0.03568256557355342,0.4274412484515831,1.0887407048699482,0.04864480372387624,0.20064095568297247,1.9435451722918013,-0.06598045808729579,0.389935032017019,0.3423568186367401,0.9582675840040337,0.048925290708064326,1.291901719050531,0.3447087466799846,1.4672444933430628,-3.0,8.071051
401628324,2024,1,Kentucky,Southern Mississippi,,,fbs,fbs,1594.0,1276.0,False,,Southern Mississippi,Kentucky,54.42857142857143,11.142857142857142,0.17592065647272143,9.627196373671325,0.3884293465174564,1.4191004785671946,0.6785714285714286,0.24236649249071607,2.7747183936376483,66.14285714285714,1.0985145749120906,26.285714285714285,1.6104029051234021,36.57142857142857,0.19254211822097478,0.46314309093990896,1.2682225224745542,0.1375859669429381,0.2488794449892848,1.8158324396384826,0.09870697712390543,2.1904468970997053,0.40243451970160043,1.0121862705853026,0.2755694746095937,8.611120243147768,0.3850491770134627,1.7064454899285493,67.85714285714286,12.142857142857142,0.1886660755612189,12.695231828022171,0.4486100506156476,1.1476628001491451,0.7571428571428571,0.20684459007039652,2.859489419231355,101.42857142857143,1.0148734342282728,35.857142857142854,0.8294908307811534,30.142857142857142,0.02230064753244975,0.5030712252398521,0.8148308175102127,0.5956299866994936,0.3441028719179979,2.2287734901230403,0.11909106100554519,4.369659354022189,0.45698543634027505,0.8834992457702578,0.3571358044681488,8.645713204964435,0.47378442667990434,1.5042557741476301,Southern Mississippi,73.0,12.714285714285714,0.10376641655255144,9.165130520649301,0.3835760665734123,1.2635431568117823,0.7380952380952381,0.17176235167552464,3.1524618352080256,130.0,1.1688949108173485,48.857142857142854,1.4596265251070641,60.0,0.029144247082531445,0.42634869985503604,1.0159679425109367,0.25562273715338896,0.30631269411073053,1.918759821829163,0.1562884538446742,7.041887640800984,0.42695262511733556,1.0377924311664062,0.09080872789277991,3.346397432993933,0.3373628033096471,1.6496400541858354,61.714285714285715,12.285714285714286,0.281676976862583,18.403156242699286,0.4744826351908676,1.379399851097812,0.6360544217687075,0.14280175134095507,3.4089320606013573,104.28571428571429,1.268998776787793,39.57142857142857,1.4518705620575914,46.42857142857143,0.23250951122567085,0.5166630255832122,1.1391509704545764,0.42649342450949346,0.3806689342403628,2.3081488235889487,0.2673770124912634,9.057347999681296,0.47657086685464467,1.1232117229525793,0.3657646927378248,11.36115025570257,0.48750275449782837,1.6707255878642078,-28.0,4.540016
401643774,2024,1,Charlotte,James Madison,,,fbs,fbs,1203.0,1691.0,False,,James Madison,Charlotte,67.28571428571429,12.714285714285714,0.006321657230748742,0.9495594522555038,0.33638768619526843,1.226131903105531,0.7119047619047619,0.20765839342233078,2.951818550255219,112.28571428571429,1.1158132600291133,42.714285714285715,0.8529356423905828,32.285714285714285,-0.026241491661297262,0.3900161478732907,1.0221072462497751,0.014952156756148043,0.22975263665481052,1.9120751720552718,0.09891669235604802,3.7949558589617687,0.3543775841958627,1.09916501953474,-0.04203034923772679,-1.5301151413206282,0.3347217239654214,1.4325250622072914,60.142857142857146,12.428571428571429,0.13749249362704988,8.86132829161175,0.39368204261903433,1.3105629422748397,0.7571428571428571,0.22632750397456278,2.7518279419876057,85.42857142857143,1.0150796534830149,31.714285714285715,1.5824033937899482,54.714285714285715,0.09687721383711612,0.4433907647269716,1.0805627977807897,0.1880399035023261,0.2768955137703094,2.155275616688218,0.10367864422172635,3.535347870847102,0.4278221018136984,1.0018226626430944,0.2347906808530576,6.897982824346703,0.35819271911663214,2.323661362196639,James Madison,68.14285714285714,12.0,0.23851852518194513,15.791820624293441,0.4727649086377423,1.2690006999752443,0.5748299319727891,0.240236062500403,2.614695424080243,84.14285714285714,1.090301400280392,33.0,0.9413133146235083,28.285714285714285,0.15538023991258565,0.5045195460374032,1.0678908968280179,0.4491118182737401,0.38572529011604645,1.9185851765298982,0.00924221262326281,0.8463047401249965,0.3915145444009163,0.9150973933114683,0.49037661933943294,17.220210772413882,0.5458257864549328,1.4696049364987787,65.85714285714286,12.0,0.08617047015364229,5.799802312192248,0.3409057316357659,1.4279613749371072,0.4904761904761905,0.28530096542518896,2.127476224603554,74.14285714285714,0.7157560348554136,24.714285714285715,1.2137437843959584,45.333333333333336,-0.11938902559494997,0.3572117483356979,1.057355480810904,0.398220964763646,0.2894267829489971,2.0875722325062815,-0.041892638261356856,0.5133106021825026,0.28874688113818553,1.062514366015855,0.23461614570447223,7.387711318464782,0.34439001297214034,1.9375505344625872,6.5,6.8894653
401636609,2024,1,Arizona State,Wyoming,,,fbs,fbs,1355.0,1496.0,False,,Wyoming,Arizona State,67.57142857142857,11.857142857142858,0.09750250666288819,6.937820174988859,0.3766236173343095,1.1435794014449208,0.7571428571428572,0.10100099593187149,3.458823826966684,102.14285714285714,1.0870494252291487,32.57142857142857,0.7084667150565769,23.428571428571427,0.0750521277859971,0.45365004201620246,0.9778199257707596,0.15579972489413355,0.22315564156697157,1.9411413217171163,0.2331813945903529,7.353233399863683,0.4574863129701839,0.9124042090613921,0.029048311114259335,0.23912080020476076,0.32650311121424236,1.3779124789422188,64.71428571428571,11.428571428571429,0.3177770348014561,21.580737141476792,0.4871211403941854,1.273945884221551,0.6666666666666666,0.15387838794500036,3.375906747921855,91.57142857142857,1.193996536282129,33.285714285714285,1.2236655363633446,40.714285714285715,0.1918224411655249,0.5316806098136021,1.0287984506396146,0.6300126361795012,0.3705232092837134,2.2582266206853854,0.15487204498957768,4.462562639169831,0.4593320724166566,0.9984211599098584,0.4746674518412748,17.79593859458671,0.5239197884778838,1.4263306078310227,Wyoming,58.285714285714285,11.0,0.21536613431078125,12.864612376257869,0.430467850313203,1.2079678881491756,0.8452380952380951,0.14019259032789305,3.325179605836389,113.85714285714286,1.2045044298417789,41.857142857142854,0.9109898860689608,32.42857142857143,0.15400726686844995,0.486282446440995,1.0109755157179823,0.3329639517430079,0.29465039604358484,1.8664240634806748,0.12578115428768327,4.882422054100132,0.4323426082905014,0.8748200089547977,0.3720404961043108,8.797208017855302,0.4359220535117549,1.6233736353226387,64.28571428571429,10.857142857142858,0.18212786870996597,11.754018138682891,0.42089190074119387,1.2612806756606414,0.6244897959183674,0.17973766982741027,2.8186385252136263,100.28571428571429,0.894376758222086,31.857142857142858,1.09049222793653,33.0,0.12376129971864816,0.45911584413985373,1.037480828198947,0.3513665739389373,0.34598227169655743,1.8818372430771095,0.07843792672530137,4.610018937761441,0.37941748160174404,1.0807159138732962,0.32042218281926954,7.578964262827404,0.44448017227994807,1.496080346730251,-6.0,-7.4909525
401628334,2024,1,LSU,USC,,,fbs,fbs,1823.0,1648.0,True,,USC,LSU,58.0,10.857142857142858,0.5055210358410728,29.27488310462465,0.5733688231681094,1.3170966103407997,0.5634920634920635,0.12525365400365399,3.769041319041319,102.42857142857143,1.455538391788392,38.857142857142854,2.7001985176985177,70.71428571428571,0.41899196307796477,0.6157147643085489,1.1119044114830505,0.8156681427506565,0.4432692307692308,2.3192894174897427,0.4388811109186275,11.704899709800786,0.5960655448155449,1.1102032275646614,0.5993813935870804,17.63707499496053,0.5594244194429395,1.533982745543119,68.42857142857143,11.285714285714286,0.2238871561831391,16.26380774104665,0.42933323809386426,1.2861253259343228,0.9285714285714286,0.11495995803487088,3.2617315064396943,119.28571428571429,1.0878141651878586,39.285714285714285,0.78900032266757,27.285714285714285,0.17692124747042823,0.4961760124031929,1.0209141727197382,0.30056738488408524,0.25693432617802364,2.4849168547951064,0.18846547638058905,7.347323117379983,0.4265310963481695,1.0207147839578683,0.24519250761946104,10.1844507892991,0.42869739506732596,1.564992172134734,USC,63.42857142857143,12.142857142857142,0.29861065663078695,18.419769680944338,0.43688602097462986,1.5874739307490628,0.5821428571428572,0.22414965986394558,2.846355173648407,68.57142857142857,1.3688954529180093,32.57142857142857,1.6249820981023986,39.285714285714285,0.14386593771071995,0.4614641311069882,1.3100299638243935,0.5235964170467656,0.36493592606124575,2.276235841375132,0.1897290505249678,5.0762498674489,0.4417024704618689,1.2606991001496854,0.3639640897995645,13.78819987248425,0.43673981039332377,1.7293666562192977,67.85714285714286,12.0,0.32688717837703635,22.455263571922966,0.49030417709827034,1.273069592432712,0.6904761904761906,0.15131416104971698,3.358605862975158,129.57142857142858,1.2480399381869465,48.42857142857143,1.6866440053869562,68.71428571428571,0.28291680231396515,0.5362562949708185,1.0616658231599136,0.41990978565976667,0.3530553804576457,2.1961425152925647,0.278592554883358,11.270376972105558,0.4949481689091709,1.0447283771079783,0.3790701021606414,11.329835522046778,0.48078634679678317,1.5933498423759196,-4.0,5.7338886
